Workbook

Sheet Revenue Pivot
A3: Sum of revenue_inr | B3: Column Labels
A4: Row Labels | B4: AC Repair & Service | C4: Deep Home Cleaning | D4: Electrical Repair | E4: Plumbing | F4: Salon for Men | G4: Salon for Women | H4: (blank) | I4: Grand Total
A5: Mumbai | B5: 29050 | C5: 73938 | D5: 11360 | F5: 23901 | G5: 13181 | I5: 151430
A6: Bengaluru | B6: 61229 | C6: 49592 | D6: 23082 | F6: 13565 | G6: 32367 | I6: 179835
A7: Chennai | C7: 109499 | D7: 13044 | E7: 53029 | I7: 175572
A8: Delhi NCR | B8: 22760 | C8: 63041 | D8: 12585 | E8: 16065 | G8: 26320 | I8: 140771
A9: Hyderabad | C9: 91425 | D9: 29032 | E9: 11743 | F9: 22289 | G9: 17149 | I9: 171638
A10: Pune | C10: 121469 | D10: 30778 | F10: 13808 | G10: 62672 | I10: 228727
A11: (blank)
A12: Grand Total | B12: 113039 | C12: 508964 | D12: 119881 | E12: 80837 | F12: 73563 | G12: 151689 | I12: 1047973

Sheet KPI Summary
A1: City | B1: total_revenue_inr | C1: total_sla_breaches | D1: city_category_combinations | E1: expected_sql_revenue_inr | F1: Matches Part A SQL total?
A2: Pune | B2: =SUMIFS('City-Category Data'!$D$2:$D$28,'City-Category Data'!$A$2:$A$28,$A2) -> 228727 | C2: =SUMIFS('City-Category Data'!$E$2:$E$28,'City-Category Data'!$A$2:$A$28,$A2) -> 14 | D2: =COUNTIFS('City-Category Data'!$A$2:$A$28,$A2) -> 4 | E2: 228727 | F2: =IF(B2=E2,"Yes","No") -> Yes
A3: Bengaluru | B3: =SUMIFS('City-Category Data'!$D$2:$D$28,'City-Category Data'!$A$2:$A$28,$A3) -> 179835 | C3: =SUMIFS('City-Category Data'!$E$2:$E$28,'City-Category Data'!$A$2:$A$28,$A3) -> 17 | D3: =COUNTIFS('City-Category Data'!$A$2:$A$28,$A3) -> 5 | E3: 179835 | F3: =IF(B3=E3,"Yes","No") -> Yes
A4: Chennai | B4: =SUMIFS('City-Category Data'!$D$2:$D$28,'City-Category Data'!$A$2:$A$28,$A4) -> 175572 | C4: =SUMIFS('City-Category Data'!$E$2:$E$28,'City-Category Data'!$A$2:$A$28,$A4) -> 15 | D4: =COUNTIFS('City-Category Data'!$A$2:$A$28,$A4) -> 3 | E4: 175572 | F4: =IF(B4=E4,"Yes","No") -> Yes
A5: Hyderabad | B5: =SUMIFS('City-Category Data'!$D$2:$D$28,'City-Category Data'!$A$2:$A$28,$A5) -> 171638 | C5: =SUMIFS('City-Category Data'!$E$2:$E$28,'City-Category Data'!$A$2:$A$28,$A5) -> 14 | D5: =COUNTIFS('City-Category Data'!$A$2:$A$28,$A5) -> 5 | E5: 171638 | F5: =IF(B5=E5,"Yes","No") -> Yes
A6: Mumbai | B6: =SUMIFS('City-Category Data'!$D$2:$D$28,'City-Category Data'!$A$2:$A$28,$A6) -> 151430 | C6: =SUMIFS('City-Category Data'!$E$2:$E$28,'City-Category Data'!$A$2:$A$28,$A6) -> 13 | D6: =COUNTIFS('City-Category Data'!$A$2:$A$28,$A6) -> 5 | E6: 151430 | F6: =IF(B6=E6,"Yes","No") -> Yes
A7: Delhi NCR | B7: =SUMIFS('City-Category Data'!$D$2:$D$28,'City-Category Data'!$A$2:$A$28,$A7) -> 140771 | C7: =SUMIFS('City-Category Data'!$E$2:$E$28,'City-Category Data'!$A$2:$A$28,$A7) -> 6 | D7: =COUNTIFS('City-Category Data'!$A$2:$A$28,$A7) -> 5 | E7: 140771 | F7: =IF(B7=E7,"Yes","No") -> Yes

Sheet City-Category Data
A1: city | B1: category | C1: bookings_count | D1: revenue_inr | E1: sla_breaches | F1: min_price_inr | G1: max_price_inr
A2: Bengaluru | B2: AC Repair & Service | C2: 40 | D2: 61229 | E2: 7 | F2: =VLOOKUP(B2,'Category Reference'!$A$2:$C$7,2,FALSE) -> 499 | G2: =VLOOKUP(B2,'Category Reference'!$A$2:$C$7,3,FALSE) -> 2499
A3: Bengaluru | B3: Deep Home Cleaning | C3: 18 | D3: 49592 | E3: 2 | F3: =VLOOKUP(B3,'Category Reference'!$A$2:$C$7,2,FALSE) -> 999 | G3: =VLOOKUP(B3,'Category Reference'!$A$2:$C$7,3,FALSE) -> 4999
A4: Bengaluru | B4: Electrical Repair | C4: 19 | D4: 23082 | E4: 3 | F4: =VLOOKUP(B4,'Category Reference'!$A$2:$C$7,2,FALSE) -> 199 | G4: =VLOOKUP(B4,'Category Reference'!$A$2:$C$7,3,FALSE) -> 1999
A5: Bengaluru | B5: Salon for Men | C5: 14 | D5: 13565 | E5: 3 | F5: =VLOOKUP(B5,'Category Reference'!$A$2:$C$7,2,FALSE) -> 349 | G5: =VLOOKUP(B5,'Category Reference'!$A$2:$C$7,3,FALSE) -> 1499
A6: Bengaluru | B6: Salon for Women | C6: 16 | D6: 32367 | E6: 2 | F6: =VLOOKUP(B6,'Category Reference'!$A$2:$C$7,2,FALSE) -> 699 | G6: =VLOOKUP(B6,'Category Reference'!$A$2:$C$7,3,FALSE) -> 3499
A7: Chennai | B7: Deep Home Cleaning | C7: 37 | D7: 109499 | E7: 5 | F7: =VLOOKUP(B7,'Category Reference'!$A$2:$C$7,2,FALSE) -> 999 | G7: =VLOOKUP(B7,'Category Reference'!$A$2:$C$7,3,FALSE) -> 4999
A8: Chennai | B8: Electrical Repair | C8: 13 | D8: 13044 | E8: 1 | F8: =VLOOKUP(B8,'Category Reference'!$A$2:$C$7,2,FALSE) -> 199 | G8: =VLOOKUP(B8,'Category Reference'!$A$2:$C$7,3,FALSE) -> 1999
A9: Chennai | B9: Plumbing | C9: 63 | D9: 53029 | E9: 9 | F9: =VLOOKUP(B9,'Category Reference'!$A$2:$C$7,2,FALSE) -> 199 | G9: =VLOOKUP(B9,'Category Reference'!$A$2:$C$7,3,FALSE) -> 1499
A10: Delhi NCR | B10: AC Repair & Service | C10: 14 | D10: 22760 | E10: 0 | F10: =VLOOKUP(B10,'Category Reference'!$A$2:$C$7,2,FALSE) -> 499 | G10: =VLOOKUP(B10,'Category Reference'!$A$2:$C$7,3,FALSE) -> 2499
A11: Delhi NCR | B11: Deep Home Cleaning | C11: 25 | D11: 63041 | E11: 0 | F11: =VLOOKUP(B11,'Category Reference'!$A$2:$C$7,2,FALSE) -> 999 | G11: =VLOOKUP(B11,'Category Reference'!$A$2:$C$7,3,FALSE) -> 4999
A12: Delhi NCR | B12: Electrical Repair | C12: 12 | D12: 12585 | E12: 1 | F12: =VLOOKUP(B12,'Category Reference'!$A$2:$C$7,2,FALSE) -> 199 | G12: =VLOOKUP(B12,'Category Reference'!$A$2:$C$7,3,FALSE) -> 1999
A13: Delhi NCR | B13: Plumbing | C13: 19 | D13: 16065 | E13: 3 | F13: =VLOOKUP(B13,'Category Reference'!$A$2:$C$7,2,FALSE) -> 199 | G13: =VLOOKUP(B13,'Category Reference'!$A$2:$C$7,3,FALSE) -> 1499
... A28: Pune | B28: Salon for Women | C28: 24 | D28: 62672 | E28: 1 | F28: =VLOOKUP(B28,'Category Reference'!$A$2:$C$7,2,FALSE) -> 699 | G28: =VLOOKUP(B28,'Category Reference'!$A$2:$C$7,3,FALSE) -> 3499

Sheet Category Reference
A1: category | B1: min_price_inr | C1: max_price_inr
A2: AC Repair & Service | B2: 499 | C2: 2499
A3: Salon for Women | B3: 699 | C3: 3499
A4: Salon for Men | B4: 349 | C4: 1499
A5: Deep Home Cleaning | B5: 999 | C5: 4999
A6: Plumbing | B6: 199 | C6: 1499
A7: Electrical Repair | B7: 199 | C7: 1999
